{
    "0": {
        "diameter": 129.27766021192605,
        "min_x": -27.763367,
        "min_y": -78.189911,
        "min_z": -20.206606,
        "size_x": 55.514117,
        "size_y": 124.161957,
        "size_z": 34.702799
    },
    "1": {
        "diameter": 129.27766021192605,
        "min_x": -27.763367,
        "min_y": -78.189911,
        "min_z": -20.206606,
        "size_x": 55.514117,
        "size_y": 124.161957,
        "size_z": 34.702799
    }
}

