{
    "7596": [
        {
            "cam_R_m2c": [
                0.978878378868103,
                0.14655184745788574,
                -0.14254750311374664,
                0.1356780081987381,
                -0.9872471690177917,
                -0.08327487111091614,
                -0.15293370187282562,
                0.062175408005714417,
                -0.9862785935401917
            ],
            "cam_t_m2c": [
                14.773433685302734,
                62.5379753112793,
                234.3251190185547
            ],
            "obj_bb": [
                282,
                346,
                170,
                133
            ],
            "obj_id": 1
        },
        {
            "cam_R_m2c": [
                0.6450797319412231,
                -0.03190368413925171,
                -0.7634490132331848,
                0.7640858292579651,
                0.03571048378944397,
                0.6441255211830139,
                0.006713181734085083,
                -0.9988529086112976,
                0.04741325229406357
            ],
            "cam_t_m2c": [
                65.889404296875,
                61.26698684692383,
                257.9296569824219
            ],
            "obj_bb": [
                414,
                305,
                131,
                166
            ],
            "obj_id": 1
        },
        {
            "cam_R_m2c": [
                0.9717808365821838,
                -0.22556373476982117,
                0.0690147876739502,
                0.18234334886074066,
                0.9039380550384521,
                0.3868423104286194,
                -0.149642676115036,
                -0.3633415400981903,
                0.9195597171783447
            ],
            "cam_t_m2c": [
                15.746528625488281,
                -29.54808807373047,
                239.59999084472656
            ],
            "obj_bb": [
                273,
                94,
                178,
                131
            ],
            "obj_id": 1
        },
        {
            "cam_R_m2c": [
                -0.3219802677631378,
                -0.9265851974487305,
                0.19434179365634918,
                0.7112085819244385,
                -0.37221771478652954,
                -0.5963525772094727,
                0.6249088048934937,
                -0.053796231746673584,
                0.7788420915603638
            ],
            "cam_t_m2c": [
                24.357900619506836,
                26.62564468383789,
                267.5663757324219
            ],
            "obj_bb": [
                302,
                250,
                163,
                120
            ],
            "obj_id": 1
        },
        {
            "cam_R_m2c": [
                0.9619617462158203,
                -0.2050696611404419,
                0.18048839271068573,
                0.12985354661941528,
                0.9245164394378662,
                0.3583396077156067,
                -0.24034906923770905,
                -0.3212718963623047,
                0.9159785509109497
            ],
            "cam_t_m2c": [
                -60.76807403564453,
                -20.207273483276367,
                255.28919982910156
            ],
            "obj_bb": [
                137,
                97,
                85,
                182
            ],
            "obj_id": 1
        },
        {
            "cam_R_m2c": [
                -0.5978559851646423,
                -0.6902532577514648,
                0.40757670998573303,
                0.6459611058235168,
                -0.1137770265340805,
                0.7548437714576721,
                -0.4746605157852173,
                0.7145665287971497,
                0.5138989686965942
            ],
            "cam_t_m2c": [
                -89.67442321777344,
                -46.3748779296875,
                234.16990661621094
            ],
            "obj_bb": [
                0,
                71,
                150,
                101
            ],
            "obj_id": 1
        },
        {
            "cam_R_m2c": [
                -0.024363789707422256,
                -0.9110355973243713,
                -0.4116070568561554,
                0.9906466007232666,
                0.0332934707403183,
                -0.13232873380184174,
                0.13426002860069275,
                -0.41098111867904663,
                0.9017031192779541
            ],
            "cam_t_m2c": [
                -16.87384605407715,
                -83.67806243896484,
                247.08558654785156
            ],
            "obj_bb": [
                201,
                14,
                181,
                108
            ],
            "obj_id": 1
        },
        {
            "cam_R_m2c": [
                0.003928199876099825,
                -0.34622010588645935,
                -0.9381450414657593,
                0.9869285821914673,
                -0.1498047560453415,
                0.05941753461956978,
                -0.16111013293266296,
                -0.9261155724525452,
                0.3411060571670532
            ],
            "cam_t_m2c": [
                1.1725387573242188,
                65.4614028930664,
                264.1864318847656
            ],
            "obj_bb": [
                233,
                341,
                191,
                114
            ],
            "obj_id": 1
        },
        {
            "cam_R_m2c": [
                0.5756209492683411,
                -0.5366562008857727,
                -0.6169770359992981,
                0.663779079914093,
                -0.13398653268814087,
                0.7358294725418091,
                -0.47755399346351624,
                -0.833095371723175,
                0.2790956497192383
            ],
            "cam_t_m2c": [
                -85.694580078125,
                66.71570587158203,
                250.77101135253906
            ],
            "obj_bb": [
                42,
                255,
                138,
                188
            ],
            "obj_id": 1
        },
        {
            "cam_R_m2c": [
                0.5885061025619507,
                0.799193263053894,
                0.12227335572242737,
                -0.7521072030067444,
                0.5966549515724182,
                -0.27988874912261963,
                -0.29664018750190735,
                0.07275360822677612,
                0.9522140026092529
            ],
            "cam_t_m2c": [
                -92.86563873291016,
                21.112802505493164,
                252.67189025878906
            ],
            "obj_bb": [
                0,
                219,
                188,
                133
            ],
            "obj_id": 1
        },
        {
            "cam_R_m2c": [
                0.6210792660713196,
                -0.7370550036430359,
                -0.26647764444351196,
                0.7499675750732422,
                0.4601592719554901,
                0.475186288356781,
                -0.2276163101196289,
                -0.4949778914451599,
                0.8385627865791321
            ],
            "cam_t_m2c": [
                -21.62375831604004,
                43.86032485961914,
                288.2478332519531
            ],
            "obj_bb": [
                212,
                221,
                136,
                199
            ],
            "obj_id": 1
        },
        {
            "cam_R_m2c": [
                0.674730658531189,
                -0.731993556022644,
                -0.09446697682142258,
                0.7289703488349915,
                0.6409058570861816,
                0.24050351977348328,
                -0.11550259590148926,
                -0.2311386913061142,
                0.9660403728485107
            ],