{
    "7596": [
        {
            "cam_R_m2c": [
                -0.44375449419021606,
                0.8935034871101379,
                -0.06880034506320953,
                -0.8714386820793152,
                -0.4123409390449524,
                0.26564931869506836,
                0.20898939669132233,
                0.17783835530281067,
                0.9616116285324097
            ],
            "cam_t_m2c": [
                52.37626647949219,
                106.55854797363281,
                447.00445556640625
            ],
            "obj_bb": [
                282,
                346,
                170,
                133
            ],
            "obj_id": 1
        },
        {
            "cam_R_m2c": [
                -0.6919375658035278,
                0.6186666488647461,
                -0.3721209168434143,
                -0.5066924691200256,
                -0.7833106517791748,
                -0.3601210415363312,
                -0.514281153678894,
                -0.060630425810813904,
                0.8554757833480835
            ],
            "cam_t_m2c": [
                128.9931640625,
                89.77726745605469,
                454.5103454589844
            ],
            "obj_bb": [
                414,
                305,
                131,
                166
            ],
            "obj_id": 1
        },
        {
            "cam_R_m2c": [
                0.2905282974243164,
                -0.8637346625328064,
                -0.4117715358734131,
                0.6972551345825195,
                0.48581168055534363,
                -0.527088463306427,
                0.6553080081939697,
                -0.13397568464279175,
                0.7433854937553406
            ],
            "cam_t_m2c": [
                12.175155639648438,
                -42.10193634033203,
                418.1404113769531
            ],
            "obj_bb": [
                273,
                94,
                178,
                131
            ],
            "obj_id": 1
        },
        {
            "cam_R_m2c": [
                -0.1999911069869995,
                -0.8488096594810486,
                -0.4894135892391205,
                0.7675219178199768,
                -0.44620269536972046,
                0.4602316915988922,
                -0.6090267300605774,
                -0.28359341621398926,
                0.7407166361808777
            ],
            "cam_t_m2c": [
                31.050363540649414,
                40.027923583984375,
                435.83160400390625
            ],
            "obj_bb": [
                302,
                250,
                163,
                120
            ],
            "obj_id": 1
        },
        {
            "cam_R_m2c": [
                0.9800834655761719,
                0.07785023003816605,
                0.18269018828868866,
                -0.1582304686307907,
                0.8620309829711914,
                0.4815242886543274,
                -0.11999782174825668,
                -0.5008412003517151,
                0.8571805357933044
            ],
            "cam_t_m2c": [
                -92.02734375,
                -19.358652114868164,
                410.7458190917969
            ],
            "obj_bb": [
                137,
                97,
                85,
                182
            ],
            "obj_id": 1
        },
        {
            "cam_R_m2c": [
                -0.31466758251190186,
                0.9128789305686951,
                0.26006996631622314,
                -0.7427456378936768,
                -0.4074040353298187,
                0.5313669443130493,
                0.5910272598266602,
                -0.025961872190237045,
                0.8062336444854736
            ],
            "cam_t_m2c": [
                -174.28895568847656,
                -89.54796600341797,
                456.3395080566406
            ],
            "obj_bb": [
                0,
                71,
                150,
                101
            ],
            "obj_id": 1
        },
        {
            "cam_R_m2c": [
                -0.3472639322280884,
                -0.9309696555137634,
                0.11270888894796371,
                0.9146465063095093,
                -0.3097228407859802,
                0.25979486107826233,
                -0.20695260167121887,
                0.19330617785453796,
                0.9590637683868408
            ],
            "cam_t_m2c": [
                -38.93873596191406,
                -119.16388702392578,
                428.38116455078125
            ],
            "obj_bb": [
                201,
                14,
                181,
                108
            ],
            "obj_id": 1
        },
        {
            "cam_R_m2c": [
                0.2380954474210739,
                0.9685173034667969,
                0.07269671559333801,
                0.9510462284088135,
                -0.2173062413930893,
                -0.21974758803844452,
                -0.1970318853855133,
                0.12145884335041046,
                -0.9728443622589111
            ],
            "cam_t_m2c": [
                22.728633880615234,
                94.9582748413086,
                410.195068359375
            ],
            "obj_bb": [
                233,
                341,
                191,
                114
            ],
            "obj_id": 1
        },
        {
            "cam_R_m2c": [
                0.8019436001777649,
                -0.5506132245063782,
                -0.23175744712352753,
                -0.591909646987915,
                -0.7848185300827026,
                -0.18358299136161804,
                -0.08080432564020157,
                0.2844026982784271,
                -0.9552935361862183
            ],
            "cam_t_m2c": [
                -159.70713806152344,
                52.81132507324219,
                416.8490295410156
            ],
            "obj_bb": [
                42,
                255,
                138,
                188
            ],
            "obj_id": 1
        },
        {
            "cam_R_m2c": [
                -0.2887263000011444,
                0.8844146728515625,
                0.3666711747646332,
                0.8133904337882996,
                0.428603857755661,
                -0.39331239461898804,
                -0.5050079226493835,
                0.18468722701072693,
                -0.8431236743927002
            ],
            "cam_t_m2c": [
                -133.2131805419922,
                38.17124938964844,
                397.9830322265625
            ],
            "obj_bb": [
                0,
                219,
                188,
                133
            ],
            "obj_id": 1
        }
    ]
}