{
    "3": {
        "diameter": 50.1422975141746,
        "min_x": -13.50075912475586,
        "min_y": -18.769729614257812,
        "min_z": -13.501596450805664,
        "size_x": 27.0,
        "size_y": 32.5,
        "size_z": 27.0,
        "symmetries_continuous": [{"axis": [0, 1, 0], "offset": [0, 0, 0]}]

    },
    "2": {
        "diameter": 13.748576598846908,
        "min_x": -4.000034809112549,
        "min_y": -4.618782043457031,
        "min_z": -3.089539051055908,
        "size_x": 7.999999761581421,
        "size_y": 9.237605094909668,
        "size_z": 6.30000114440918,
        "symmetries_continuous": [{"axis": [0, 0, 1], "offset": [0, 0, 0]}]


    },
    "4": {
        "diameter": 72.38720467541849,
        "min_x": -34.686309814453125,
        "min_y": -5.0,
        "min_z": -4.972609996795654,
        "size_x": 71.0,
        "size_y": 10.0,
        "size_z": 9.945219993591309,
        "symmetries_continuous": [{"axis": [1, 0, 0], "offset": [0, 0, 0]}]

    },
    "0": {
        "diameter": 178.5739376691493,
        "min_x": -12.96535873413086,
        "min_y": -36.4782829284668,
        "min_z": -26.183286666870117,
        "size_x": 25.93071174621582,
        "size_y": 82.0,
        "size_z": 156.49999809265137
    },
    "1": {
        "diameter": 151.09723406163698,
        "min_x": -11.48896598815918,
        "min_y": -125.96157836914062,
        "min_z": -2.0,
        "size_x": 63.98616981506348,
        "size_y": 136.82157802581787,
        "size_z": 4.0,
        "symmetries_discrete": [[-0.766044443, -0.642787610, 1.22464680e-16, 0, -6.42787610e-01, 7.66044443e-01, 0, 0, -9.38133875e-17, -7.87187789e-17, -1, 0, 0, 0, 0, 1]]

    }
}